{"cameraMode":{"drawMode":0,"name":"Shaded","section":"Shading Mode"},"sceneLighting":true,"audioPlay":false,"sceneViewState":{"m_AlwaysRefresh":false,"showFog":true,"showSkybox":false,"showFlares":true,"showImageEffects":true,"showParticleSystems":true,"showVisualEffectGraphs":true,"m_FxEnabled":true},"in2DMode":false,"pivot":{"x":10.95348834991455,"y":5.311042785644531,"z":29.08807945251465},"rotation":{"x":0.01618358865380287,"y":-0.02789689414203167,"z":-0.00045287839020602405,"w":-0.999494731426239},"size":22.468679428100587,"orthographic":false}