{"cameraMode":{"drawMode":0,"name":"Shaded","section":"Shading Mode"},"sceneLighting":true,"audioPlay":false,"sceneViewState":{"m_AlwaysRefresh":false,"showFog":true,"showSkybox":false,"showFlares":true,"showImageEffects":true,"showParticleSystems":true,"showVisualEffectGraphs":true,"m_FxEnabled":true},"in2DMode":false,"pivot":{"x":-0.04158538579940796,"y":0.6186779737472534,"z":124.26073455810547},"rotation":{"x":0.023649130016565324,"y":-0.9663492441177368,"z":0.2374023199081421,"w":0.09627168625593186},"size":1.5122685432434083,"orthographic":false}