{"cameraMode":{"drawMode":0,"name":"Shaded","section":"Shading Mode"},"sceneLighting":false,"audioPlay":false,"sceneViewState":{"m_AlwaysRefresh":false,"showFog":false,"showSkybox":false,"showFlares":false,"showImageEffects":false,"showParticleSystems":false,"showVisualEffectGraphs":true,"m_FxEnabled":true},"in2DMode":false,"pivot":{"x":-0.30188876390457156,"y":0.24981647729873658,"z":-1.0600597858428956},"rotation":{"x":-0.013323619961738587,"y":0.9867001175880432,"z":-0.11086971312761307,"w":-0.11835978180170059},"size":1.7726386785507203,"orthographic":false}