{"cameraMode":{"drawMode":0,"name":"Shaded","section":"Shading Mode"},"sceneLighting":false,"audioPlay":false,"sceneViewState":{"m_AlwaysRefresh":false,"showFog":false,"showSkybox":false,"showFlares":false,"showImageEffects":false,"showParticleSystems":false,"showVisualEffectGraphs":true,"m_FxEnabled":true},"in2DMode":false,"pivot":{"x":0.04161590337753296,"y":0.6440407633781433,"z":0.2627326250076294},"rotation":{"x":-0.22835716605186463,"y":-0.010787918232381344,"z":0.0025817144196480514,"w":-0.9735448956489563},"size":0.9171151518821716,"orthographic":false}