{"cameraMode":{"drawMode":0,"name":"Shaded","section":"Shading Mode"},"sceneLighting":false,"audioPlay":false,"sceneViewState":{"m_AlwaysRefresh":false,"showFog":true,"showSkybox":false,"showFlares":true,"showImageEffects":true,"showParticleSystems":true,"showVisualEffectGraphs":true,"m_FxEnabled":true},"in2DMode":false,"pivot":{"x":-2.0696895122528078,"y":7.088346004486084,"z":-0.9089393615722656},"rotation":{"x":0.01618358865380287,"y":-0.02789689414203167,"z":-0.00045287839020602405,"w":-0.999494731426239},"size":9.017724990844727,"orthographic":false}